﻿City ID;City Description;State ID
1;AGUADULCE;3
2;ALANJE;2
3;ALMIRANTE;1
4;ANTON;3
5;ARRAIJAN;12
6;ATALAYA;13
7;BALBOA;11
8;BARU;2
9;BESIKO;7
10;BOCAS DEL TORO;1
11;BOQUERON;2
12;BOQUETE;2
13;BUGABA;2
14;CALOBRE;13
15;CANAZAS;13
16;CAPIRA;12
17;CEMACO;5
18;CHAGRES;4
19;CHAME;12
20;CHANGUINOLA;1
21;CHEPIGANA;8
22;CHEPO;11
23;CHIMAN;11
24;CHIRIQUI GRANDE;1
25;CHITRE;9
26;COLON;4
27;DAVID;2
28;DOLEGA;2
29;DONOSO;4
30;EL PORVENIR;6
31;GUALACA;2
32;GUARARE;10
33;JIRONDAI;7
34;KANKINTU;7
35;KUSAPIN;7
36;LA CHORRERA;12
37;LA MESA;13
38;LA PINTADA;3
39;LAS MINAS;9
40;LAS PALMAS;13
41;LAS TABLAS;10
42;LOS POZOS;9
43;LOS SANTOS;10
44;MACARACAS;10
45;MARIATO;13
46;MIRONO;7
47;MONTIJO;13
48;MUNA;7
49;NATA;3
50;NOLE DUIMA;7
51;NURUM;7
52;OCU;9
53;OLA;3
54;OMAR TORRIJOS HERRERA;4
55;PANAMA;11
56;PARITA;9
57;PEDASI;10
58;PENONOME;3
59;PESE;9
60;PINOGANA;8
61;POCRI;10
62;PORTOBELO;4
63;REMEDIOS;2
64;RENACIMIENTO;2
65;RIO DE JESUS;13
66;SAMBU;5
67;SAN CARLOS;12
68;SAN FELIX;2
69;SAN FRANCISCO;13
70;SAN LORENZO;2
71;SAN MIGUELITO;11
72;SANTA CATALINA O CALOVEBORA;7
73;SANTA FE;8
74;SANTA FE;13
75;SANTA ISABEL;4
76;SANTA MARIA;9
77;SANTIAGO;13
78;SONA;13
79;TABOGA;11
80;TIERRAS ALTAS;2
81;TOLE;2
82;TONOSI;10