﻿Neighborhood ID;Neighborhood Description;City ID;State ID
1;24 DE DECEMBER;55;11
2;ACHIOTE;18;4
3;AGUA BUENA;43;10
4;AGUA DE SALUD;51;7
5;AGUA FRIA;21;8
6;AGUADULCE;1;3
7;AILIGANDI;30;6
8;ALANJE;2;2
9;ALCALDE DIAZ;55;11
10;ALTO BILINGUE;72;7
11;ALTO BOQUETE;12;2
12;ALTO CABALLERO;48;7
13;ALTO DE JESUS;51;7
14;ALTOS DE GUERA;82;10
15;AMADOR;36;12
16;AMELIA DENIS DE ICAZA;71;11
17;ANCON;55;11
18;ANTON;4;3
19;ARENAS;45;13
20;ARNULFO ARIAS;71;11
21;AROSEMENA;36;12
22;ARRAIJAN;5;12
23;ASERRIO DE GARICHE;13;2
24;ATALAYA;6;13
25;BACO;8;2
26;BAGALA;11;2
27;BAGAMA;48;7
28;BAHIA AZUL;10;1
29;BAHIA AZUL;35;7
30;BAHIA HONDA;44;10
31;BAHIA HONDA;78;13
32;BAJO BOQUETE;12;2
33;BAJO CEDRO;24;1
34;BAJO CORRAL;41;10
35;BAJOS DE GUERA;44;10
36;BARNIZAL;14;13
37;BARRIADA 4 DE ABRIL;20;1
38;BARRIADA GUAYMI;3;1
39;BARRIO BALBOA;36;12
40;BARRIO COLON;36;12
41;BARRIO FRANCES;3;1
42;BARRIO NORTE;26;4
43;BARRIO SUR;26;4
44;BARRIOS UNIDOS;1;3
45;BASTIMENTOS;10;1
46;BAYANO;41;10
47;BEJUCO;19;12
48;BELISARIO FRIAS;71;11
49;BELISARIO PORRAS;71;11
50;BELLA VISTA;81;2
51;BELLA VISTA;55;11
52;BETANIA;55;11
53;BIJAGUAL;27;2
54;BISIRA;34;7
55;BISVALLES;37;13
56;BOCA CHICA;70;2
57;BOCA DE BALSA;9;7
58;BOCA DE CUPE;60;8
59;BOCA DEL MONTE;70;2
60;BOCAS DEL TORO;10;1
61;BOQUERON;11;2
62;BORO;37;13
63;BRENON;64;2
64;BRUJAS;23;11
65;BUENA VISTA;26;4
66;BUENOS AIRES;19;12
67;BUENOS AIRES;51;7
68;BUGABA;13;2
69;BURI;33;7
70;BURUNGA;5;12
71;CABALLERO;4;3
72;CABUYA;4;3
73;CABUYA;56;9
74;CABUYA;19;12
75;CACIQUE;62;4
76;CAIMITILLO;55;11
77;CAIMITO;16;12
78;CALANTE;34;7
79;CALDERA;12;2
80;CALIDONIA;55;11
81;CALIDONIA;78;13
82;CALOBRE;14;13
83;CALOVEBORA;74;13
84;CAMARON ARRIBA;9;7
85;CAMBUTAL;82;10
86;CAMOGANTI;21;8
87;CAMPANA;16;12
88;CANAS;82;10
89;CANAS GORDAS;64;2
90;CANAVERAL;58;3
91;CANAVERAL;35;7
92;CANAZAS;15;13
93;CANITA;22;11
94;CANTA GALLO;2;2
95;CANTO DEL LLANO;77;13
96;CAPELLANIA;49;3
97;CAPIRA;16;12
98;CARLOS SANTANA AVILA;77;13
99;CASCABEL;46;7
100;CATIVA;26;4
101;CATIVE;78;13
102;CATORCE DE NOVIEMBRE;65;13
103;CAUCHERO;10;1
104;CEBACO;47;13
105;CERMENO;16;12
106;CERRO BANCO;9;7
107;CERRO CANA;48;7
108;CERRO DE CASA;40;13
109;CERRO DE PLATA;15;13
110;CERRO IGLESIAS;50;7
111;CERRO LARGO;52;9
112;CERRO PATENA;9;7
113;CERRO PELADO;51;7
114;CERRO PUERCO;48;7
115;CERRO PUNTA;13;2
116;CERRO SILVESTRE;5;12
117;CERRO VIEJO;81;2
118;CHAME;19;12
119;CHANGUINOLA;20;1
120;CHEPIGANA;21;8
121;CHEPILLO;22;11
122;CHEPO;39;9
123;CHEPO;22;11
124;CHICA;19;12
125;CHICHICA;48;7
126;CHIGUIRI ARRIBA;58;3
127;CHILIBRE;55;11
128;CHIMAN;23;11
129;CHIRIQUI;27;2
130;CHIRIQUI GRANDE;24;1
131;CHITRA;14;13
132;CHITRE;25;9
133;CHUMICAL;39;9
134;CHUPA;44;10
135;CHUPAMPA;76;9
136;CIRI DE LOS SOTOS;16;12
137;CIRI GRANDE;16;12
138;CIRICITO;26;4
139;CIRILO GUAYNORA;17;5
140;COCHEA;27;2
141;COCHIGRO;20;1
142;COCLE;58;3
143;COCLE DEL NORTE;29;4
144;CORDILLERA;11;2
145;COROZAL;44;10
146;COROZAL;40;13
147;CORRAL FALSO;69;13
148;COSTA HERMOSA;47;13
149;CRISTOBAL;26;4
150;CUANGO;75;4
151;CUCUNATI;21;8
152;CURUNDU;55;11
153;DAVID;27;2
154;DIKERI;48;7
155;DIKO;48;7
156;DIVALA;2;2
157;DOLEGA;28;2
158;DOMINICAL;64;2
159;DOS RIOS;28;2
160;EDWIN FABREGA;77;13
161;EL ALTO;74;13
162;EL ARADO;36;12
163;EL AROMILLO;15;13
164;EL BALE;51;7
165;EL BARRERO;59;9
166;EL BARRITO;6;13
167;EL BEBEDERO;82;10
168;EL BONGO;13;2
169;EL CACAO;82;10
170;EL CACAO;45;13
171;EL CACAO;16;12
172;EL CALABACITO;42;9
173;EL CANAFISTULO;61;10
174;EL CANO;49;3
175;EL CAPURI;42;9
176;EL CARATE;41;10
177;EL CEDRO;42;9
178;EL CEDRO;44;10
179;EL CHIRU;4;3
180;EL CHORRILLO;55;11
181;EL CIRUELO;59;9
182;EL COCAL;41;10
183;EL COCLA;14;13
184;EL COCO;58;3
185;EL COCO;36;12
186;EL COPE;53;3
187;EL CORTEZO;82;10
188;EL CRISTO;1;3
189;EL CRISTO;81;2
190;EL CUAY;74;13
191;EL EJIDO;43;10
192;EL EMPALME;20;1
193;EL ESPINAL;32;10
194;EL ESPINO;67;12
195;EL GUABO;18;4
196;EL GUASIMO;29;4
197;EL GUASIMO;43;10
198;EL HARINO;38;3
199;EL HATO;32;10
200;EL HIGO;37;13
201;EL HIGO;67;12
202;EL LIBANO;19;12
203;EL LIMON;76;9
204;EL LLANITO;77;13
205;EL LLANO;22;11
206;EL MACANO;32;10
207;EL MANANTIAL;41;10
208;EL MARANON;78;13
209;EL MARIA;40;13
210;EL MUNOZ;41;10
211;EL NANCITO;63;2
212;EL PAJARO;59;9
213;EL PALMAR;53;3
214;EL PANTANO;74;13
215;EL PAREDON;51;7
216;EL PEDREGOSO;59;9
217;EL PEDREGOSO;41;10
218;EL PENON;51;7
219;EL PICACHO;53;3
220;EL PICADOR;15;13
221;EL PIRO;51;7
222;EL PIRO DOS;51;7
223;EL PORVENIR;63;2
224;EL POTRERO;38;3
225;EL POTRERO;14;13
226;EL PRADO;40;13
227;EL PUERTO;63;2
228;EL REAL DE SANTA MARIA;60;8
229;EL RETIRO;4;3
230;EL RINCON;76;9
231;EL RINCON;40;13
232;EL ROBLE;1;3
233;EL SESTEADERO;41;10
234;EL SILENCIO;20;1
235;EL TEJAR;2;2
236;EL TERIBE;20;1
237;EL TIJERA;52;9
238;EL TORO;39;9
239;EL VALLE;4;3
240;EL VALLE DE SAN MIGUEL;58;3
241;EMPLANADA DE CHORCHA;9;7
242;ENTRADERO DEL CASTILLO;52;9
243;ERNESTO CORDOBA CAMPOS;55;11
244;ESCOBAL;26;4
245;ESPINO AMARILLO;44;10
246;FEUILLET;36;12
247;FINCA 30;20;1
248;FINCA 6;20;1
249;FINCA 60;20;1
250;FLORES;82;10
251;GARACHINE;21;8
252;GARROTE;62;4
253;GATUNCITO;74;13
254;GOBEA;29;4
255;GOBERNADORA;47;13
256;GOMEZ;13;2
257;GONZALO VASQUEZ;23;11
258;GUABAL;11;2
259;GUABITO;20;1
260;GUACA;27;2
261;GUADALUPE;36;12
262;GUALACA;31;2
263;GUANICO;82;10
264;GUARARE;32;10
265;GUARARE ARRIBA;32;10
266;GUARIVIARA;33;7
267;GUARUMAL;2;2
268;GUARUMAL;78;13
269;GUAYABAL;11;2
270;GUAYABITO;67;12
271;GUAYABITO;51;7
272;GUIBALE;51;7
273;GUORONI;34;7
274;GUZMAN;49;3
275;HATO CHAMI;50;7
276;HATO COROTU;46;7
277;HATO CULANTRO;46;7
278;HATO JOBO;46;7
279;HATO JULI;46;7
280;HATO PILON;46;7
281;HERRERA;36;12
282;HICACO;78;13
283;HORCONCITOS;70;2
284;HORNITO;31;2
285;HURTADO;36;12
286;ISLA DE CANAS;82;10
287;ISLA GRANDE;62;4
288;ITURRALDE;36;12
289;JADABERI;50;7
290;JAQUE;21;8
291;JARAMILLO;12;2
292;JINGURUDO;66;5
293;JOSE DOMINGO ESPINAR;71;11
294;JUAN DEMOSTENES AROSEMENA;5;12
295;JUAN DIAZ;4;3
296;JUAN DIAZ;55;11
297;JUAY;68;2
298;JUSTO FIDEL PALACIOS;81;2
299;KANKINTU;34;7
300;KIKARI;48;7
301;KRUA;48;7
302;KUSAPIN;35;7
303;LA ARENA;25;9
304;LA ARENA;42;9
305;LA CARRILLO;6;13
306;LA CHORRERA;36;12
307;LA COLORADA;43;10
308;LA COLORADA;77;13
309;LA CONCEPCION;13;2
310;LA ENCANTADA;18;4
311;LA ENEA;32;10
312;LA ENSENADA;7;11
313;LA ERMITA;67;12
314;LA ESMERALDA;7;11
315;LA ESPIGADILLA;43;10
316;LA ESTRELLA;13;2
317;LA GARCEANA;47;13
318;LA GLORIA;20;1
319;LA GUINEA;7;11
320;LA LAGUNA;14;13
321;LA LAGUNA;67;12
322;LA LAJA;41;10
323;LA MESA;44;10
324;LA MESA;37;13
325;LA MIEL;41;10
326;LA MONTANUELA;6;13
327;LA PALMA;21;8
328;LA PALMA;41;10
329;LA PASERA;32;10
330;LA PAVA;53;3
331;LA PENA;77;13
332;LA PINTADA;38;3
333;LA PITALOZA;42;9
334;LA RAYA DE CALOBRE;14;13
335;LA RAYA DE SANTA MARIA;77;13
336;LA REPRESA;36;12
337;LA SOLEDAD;77;13
338;LA SOLEDAD;78;13
339;LA TETILLA;14;13
340;LA TIZA;41;10
341;LA TRINIDAD;16;12
342;LA TRONOSA;82;10
343;LA VILLA DE LOS SANTOS;43;10
344;LA YEGUADA;14;13
345;LAJAMINA;61;10
346;LAJAS ADENTRO;68;2
347;LAJAS BLANCAS;17;5
348;LAJAS DE TOLE;81;2
349;LAJERO;50;7
350;LAS CABRAS;59;9
351;LAS CRUCES;43;10
352;LAS CRUCES;15;13
353;LAS CUMBRES;55;11
354;LAS DELICIAS;20;1
355;LAS GUABAS;43;10
356;LAS GUIAS;14;13
357;LAS HUACAS;49;3
358;LAS HUACAS;65;13
359;LAS LAJAS;68;2
360;LAS LAJAS;19;12
361;LAS LLANAS;42;9
362;LAS LOMAS;38;3
363;LAS LOMAS;27;2
364;LAS MANANITAS;55;11
365;LAS MARGARITAS;22;11
366;LAS MINAS;39;9
367;LAS OLLAS ARRIBA;16;12
368;LAS PALMAS;44;10
369;LAS PALMAS;40;13
370;LAS PALMITAS;41;10
371;LAS TABLAS;20;1
372;LAS TABLAS;41;10
373;LAS TABLAS ABAJO;41;10
374;LAS TRANCAS;32;10
375;LAS UVAS;67;12
376;LEONES;39;9
377;LEONES;47;13
378;LIDICE;16;12
379;LIMON;26;4
380;LIMONES;8;2
381;LLANO ABAJO;32;10
382;LLANO BONITO;25;9
383;LLANO DE CATIVAL O MARIATO;45;13
384;LLANO DE LA CRUZ;56;9
385;LLANO DE PIEDRAS;44;10
386;LLANO GRANDE;38;3
387;LLANO GRANDE;52;9
388;LLANO GRANDE;37;13
389;LLANO LARGO;43;10
390;LLANO NORTE;38;3
391;LOLA;40;13
392;LOMA YUCA;72;7
393;LOS ALGARROBOS;28;2
394;LOS ALGARROBOS;77;13
395;LOS ANASTACIOS;28;2
396;LOS ANGELES;31;2
397;LOS ANGELES;43;10
398;LOS ASIENTOS;57;10
399;LOS CANELOS;76;9
400;LOS CASTILLOS;56;9
401;LOS CASTILLOS;65;13
402;LOS CERRITOS;42;9
403;LOS CERROS DE PAJA;42;9
404;LOS DIAZ;36;12
405;LOS HATILLOS;69;13
406;LOS LLANITOS;67;12
407;LOS LLANOS;52;9
408;LOS MILAGROS;37;13
409;LOS NARANJOS;12;2
410;LOS OLIVOS;43;10
411;LOS POZOS;42;9
412;LOS VALLES;15;13
413;MACARACAS;44;10
414;MADUGANDI;22;11
415;MAN CREEK;33;7
416;MANUEL ENCARNACION AMADOR TERREROS;40;13
417;MANUEL ORTEGA;17;5
418;MARACA;48;7
419;MARIA CHIQUITA;62;4
420;MARIABE;57;10
421;MARIATO;45;13
422;MATEO ITURRALDE;71;11
423;MENCHACA;52;9
424;MENDOZA;36;12
425;METETI;60;8
426;MIGUEL DE LA BORDA;29;4
427;MIRAMAR;24;1
428;MIRAMAR;75;4
429;MOGOLLON;44;10
430;MONAGRILLO;25;9
431;MONJARAS;14;13
432;MONTE LIRIO;64;2
433;MONTIJO;47;13
434;MREENI;48;7
435;MUNUNI;34;7
436;NAMNONI;9;7
437;NANCE DE RISCO;3;1
438;NARGANA;30;6
439;NATA;49;3
440;NIBA;9;7
441;NIBRA;48;7
442;NOMBRE DE DIOS;75;4
443;NUARIO;41;10
444;NUEVA GORGONA;19;12
445;NUEVA PROVIDENCIA;26;4
446;NUEVO CHAGRES;18;4
447;NUEVO EMPERADOR;5;12
448;NUEVO MEXICO;2;2
449;OBALDIA;36;12
450;OCU;52;9
451;OLA;53;3
452;OMAR TORRIJOS;71;11
453;ORIA ARRIBA;57;10
454;OTOQUE OCCIDENTE;79;11
455;OTOQUE ORIENTE;79;11
456;PACORA;55;11
457;PAJA DE SOMBRERO;31;2
458;PAJONAL;58;3
459;PALENQUE;75;4
460;PALMAS BELLAS;18;4
461;PALMIRA;75;4
462;PALMIRA;12;2
463;PALMIRA;41;10
464;PALO GRANDE;2;2
465;PARAISO;11;2
466;PARAISO;61;10
467;PARIS;56;9
468;PARITA;56;9
469;PARITILLA;61;10
470;PARQUE LEFEVRE;55;11
471;PASIGA;23;11
472;PAYA;60;8
473;PEDASI;57;10
474;PEDREGAL;11;2
475;PEDREGAL;27;2
476;PEDREGAL;55;11
477;PEDRO GONZALEZ;7;11
478;PENA BLANCA;41;10
479;PENA BLANCA;48;7
480;PENAS CHATAS;52;9
481;PENONOME;58;3
482;PERALES;32;10
483;PESE;59;9
484;PIEDRA ROJA;34;7
485;PIEDRAS GORDAS;38;3
486;PILON;47;13
487;PINA;18;4
488;PINOGANA;60;8
489;PIXVAE;40;13
490;PLAYA CHIQUITA;75;4
491;PLAYA LEONA;36;12
492;PLAZA DE CAISAN;64;2
493;POCRI;1;3
494;POCRI;61;10
495;PONUGA;77;13
496;PORTOBELILLO;56;9
497;PORTOBELO;62;4
498;POTRERILLOS;28;2
499;POTRERILLOS ABAJO;28;2
500;POTRERO DE CANA;81;2
501;POTUGA;56;9
502;PROGRESO;8;2
503;PUCURO;60;8
504;PUEBLO NUEVO;55;11
505;PUERTO ALMIRANTE;3;1
506;PUERTO ARMUELLES;8;2
507;PUERTO CAIMITO;36;12
508;PUERTO OBALDIA;30;6
509;PUERTO PILON;26;4
510;PUERTO PINA;21;8
511;PUERTO VIDAL;40;13
512;PUNTA CHAME;19;12
513;PUNTA LAUREL;10;1
514;PUNTA PENA;24;1
515;PUNTA ROBALO;24;1
516;PURIO;57;10
517;QUEBRADA DE LORO;46;7
518;QUEBRADA DE ORO;78;13
519;QUEBRADA DE PIEDRA;81;2
520;QUEBRADA DEL ROSARIO;39;9
521;QUEBRADA EL CIPRIAN;39;9
522;QUEBRO;45;13
523;QUEREVALO;2;2
524;RAMBALA;24;1
525;REMANCE;69;13
526;REMEDIOS;63;2
527;RINCON;31;2
528;RINCON HONDO;59;9
529;RINCON LARGO;77;13
530;RIO ABAJO;55;11
531;RIO CHIRIQUI;35;7
532;RIO CONGO;21;8
533;RIO CONGO ARRIBA;21;8
534;RIO DE JESUS;65;13
535;RIO GRANDE;58;3
536;RIO GRANDE;78;13
537;RIO HATO;4;3
538;RIO HONDO;41;10
539;RIO IGLESIAS;21;8
540;RIO INDIO;58;3
541;RIO INDIO;29;4
542;RIO LUIS;74;13
543;RIO SABALO;66;5
544;RIO SERENO;64;2
545;RODEO VIEJO;78;13
546;RODOLFO AGUILAR DELGADO;8;2
547;ROKA;48;7
548;ROVIRA;28;2
549;RUBEN CANTU;74;13
550;RUFINA ALFARO;71;11
551;SABANAGRANDE;59;9
552;SABANAGRANDE;43;10
553;SABANITAS;26;4
554;SABOGA;7;11
555;SAJALICES;19;12
556;SALAMANCA;26;4
557;SALTO DUPI;46;7
558;SALUD;18;4
559;SAMBOA;33;7
560;SAMBU;21;8
561;SAN ANDRES;13;2
562;SAN ANTONIO;6;13
563;SAN BARTOLO;37;13
564;SAN CARLOS;27;2
565;SAN CARLOS;67;12
566;SAN FELIPE;55;11
567;SAN FELIX;68;2
568;SAN FRANCISCO;55;11
569;SAN FRANCISCO;69;13
570;SAN JOSE;41;10
571;SAN JOSE;14;13
572;SAN JOSE;15;13
573;SAN JOSE;69;13
574;SAN JOSE;67;12
575;SAN JOSE DEL GENERAL;29;4
576;SAN JUAN;26;4
577;SAN JUAN;70;2
578;SAN JUAN;69;13
579;SAN JUAN BAUTISTA.;25;9
580;SAN JUAN DE DIOS;4;3
581;SAN LORENZO;70;2
582;SAN MARCELO;15;13
583;SAN MARTIN;55;11
584;SAN MARTIN DE PORRES;40;13
585;SAN MARTIN DE PORRES;77;13
586;SAN MIGUEL;41;10
587;SAN MIGUEL;7;11
588;SAN PABLO NUEVO;27;2
589;SAN PABLO VIEJO;27;2
590;SAN PEDRITO;72;7
591;SAN PEDRO DEL ESPINO;77;13
592;SANTA ANA;43;10
593;SANTA ANA;55;11
594;SANTA CATALINA O CALOVEBORA;72;7
595;SANTA CLARA;64;2
596;SANTA CLARA;5;12
597;SANTA CRUZ;64;2
598;SANTA CRUZ;68;2
599;SANTA CRUZ DE CHININA;22;11
600;SANTA FE;21;8
601;SANTA FE;74;13
602;SANTA ISABEL;75;4
603;SANTA LUCIA;63;2
604;SANTA MARIA;76;9
605;SANTA MARTA;13;2
606;SANTA RITA;4;3
607;SANTA RITA;36;12
608;SANTA ROSA;26;4
609;SANTA ROSA;13;2
610;SANTA ROSA;16;12
611;SANTIAGO;77;13
612;SANTO DOMINGO;13;2
613;SANTO DOMINGO;41;10
614;SANTO TOMAS;2;2
615;SETEGANTI;21;8
616;SITIO PRADO;48;7
617;SOLANO;13;2
618;SOLOY;9;7
619;SONA;78;13
620;SORA;19;12
621;SORTOVA;13;2
622;SUSAMA;50;7
623;TABOGA;79;11
624;TAIMATI;21;8
625;TEBARIO;45;13
626;TIERRA OSCURA;10;1
627;TIJERAS;11;2
628;TINAJAS;28;2
629;TOABRE;58;3
630;TOBOBE;35;7
631;TOCUMEN;55;11
632;TOLE;81;2
633;TOLOTE;34;7
634;TONOSI;82;10
635;TORTI;22;11
636;TOZA;49;3
637;TRES QUEBRADAS;43;10
638;TUBUALA;30;6
639;TUCUTI;21;8
640;TULU;58;3
641;TUWAI;33;7
642;UMANI;48;7
643;UNION DEL NORTE;47;13
644;UNION SANTENA;23;11
645;URRACA;77;13
646;UTIRA;65;13
647;VALLE BONITO;72;7
648;VALLE DE AGUAS ARRIBA;3;1
649;VALLE DE RISCO;3;1
650;VALLE RICO;41;10
651;VALLERRIQUITO;41;10
652;VELADERO;81;2
653;VERACRUZ;5;12
654;VICTORIANO LORENZO;71;11
655;VIENTO FRIO;75;4
656;VIGUI;40;13
657;VILLA CARMEN;16;12
658;VILLA LOURDES;43;10
659;VILLA ROSARIO;16;12
660;VISTA ALEGRE;5;12
661;VOLCAN;13;2
662;WARGANDI;60;8
663;YAPE;60;8
664;YAVIZA;60;8
665;ZAPOTILLO;40;13